{
    "MAE": 0.30817154092410065,
    "R2": 0.5136511156095818
}