{
    "MAE": 0.30515235835197724,
    "R2": 0.5549288860005352
}