{
    "MAE": 0.19374294782843166,
    "R2": 0.6928935837935717
}