{
    "MAE": 0.30454965609193285,
    "R2": 0.553946243263505
}