{
    "MAE": 0.19451125174886663,
    "R2": 0.6804909666782663
}